BPCY (BIOMASS_KT_TEMP * R_EX_HAA);WYIELD biomass: BIOMASS_KT_TEMP product: R_EX_HAA ;;;solution;
3.815882452097382;1.0221113711072602;;{'ASPO6': 8};;{'ASPO6': (0.0030575999999915885, 10000)};
4.292101237365567;0.5748349872277576;;{'NADK': 16};;{'NADK': (0.0011872000000039407, 10000)};
