BPCY (BIOMASS_KT_TEMP * R_EX_rhamnose);WYIELD biomass: BIOMASS_KT_TEMP product: R_EX_rhamnose ;;;solution;
6.562179339271493;4.995877122537803;;{'PP_1620': 0.5, 'PP_1086': 4};;{'DHORTS': (-10000, -4.63839976463243), 'NTD2': (0, 0.00010854266659787726)};
6.55472056691787;4.996329146947396;;{'PP_1620': 0.5, 'PP_1086': 4, 'PP_3745': 0.125};;{'DHORTS': (-10000, -4.638399764664781), 'GLYCTO1': (0, 0.022996327670441664), 'NTD2': (0, 0.0001085426666041814)};
6.562179339271493;4.114131306019742;;{'PP_1086': 4, 'PP_5286': 32};;{'DHORTS': (-10000, -4.638399764664776), 'DUTPDP': (2.9082075825147315, 10000)};
